{"cameraMode":{"drawMode":0,"name":"Shaded","section":"Shading Mode"},"sceneLighting":true,"audioPlay":false,"sceneViewState":{"showFog":true,"showMaterialUpdate":false,"showSkybox":true,"showFlares":true,"showImageEffects":true,"showParticleSystems":true},"in2DMode":false,"pivot":{"x":-62.65956115722656,"y":8.292013168334961,"z":-43.65167236328125},"rotation":{"x":0.11478777229785919,"y":-0.703208863735199,"z":0.11665388196706772,"w":0.691904604434967},"size":27.604520797729493,"orthographic":false}