{"cameraMode":{"drawMode":0,"name":"Shaded","section":"Shading Mode"},"sceneLighting":false,"audioPlay":false,"sceneViewState":{"showFog":true,"showMaterialUpdate":false,"showSkybox":false,"showFlares":true,"showImageEffects":true,"showParticleSystems":true},"in2DMode":false,"pivot":{"x":-46.41998291015625,"y":5.404862403869629,"z":-27.799999237060548},"rotation":{"x":-0.2550911009311676,"y":0.3959176242351532,"z":-0.11550185829401016,"w":-0.874580442905426},"size":0.8660253882408142,"orthographic":false}