{"cameraMode":{"drawMode":0,"name":"Shaded","section":"Shading Mode"},"sceneLighting":true,"audioPlay":false,"sceneViewState":{"showFog":true,"showMaterialUpdate":false,"showSkybox":true,"showFlares":true,"showImageEffects":true,"showParticleSystems":true},"in2DMode":false,"pivot":{"x":26.29206657409668,"y":-15.491615295410157,"z":-2.5885009765625},"rotation":{"x":0.3685123324394226,"y":0.6140851378440857,"z":-0.3918009400367737,"w":0.5776165127754211},"size":63.41634750366211,"orthographic":false}