{"cameraMode":{"drawMode":0,"name":"Shaded","section":"Shading Mode"},"sceneLighting":false,"audioPlay":false,"sceneViewState":{"showFog":true,"showMaterialUpdate":false,"showSkybox":false,"showFlares":true,"showImageEffects":true,"showParticleSystems":true},"in2DMode":false,"pivot":{"x":-20.78363037109375,"y":18.93984031677246,"z":-75.38522338867188},"rotation":{"x":0.10611959546804428,"y":0.8922483325004578,"z":-0.28134724497795107,"w":0.33708345890045168},"size":155.8468780517578,"orthographic":false}