{"cameraMode":{"drawMode":0,"name":"Shaded","section":"Shading Mode"},"sceneLighting":false,"audioPlay":false,"sceneViewState":{"showFog":false,"showMaterialUpdate":false,"showSkybox":false,"showFlares":false,"showImageEffects":false,"showParticleSystems":false},"in2DMode":false,"pivot":{"x":2.585935354232788,"y":2.5244345664978029,"z":-44.05873107910156},"rotation":{"x":-0.10989532619714737,"y":-0.5912985801696777,"z":0.08177357167005539,"w":-0.7948599457740784},"size":0.7949142456054688,"orthographic":false}