{"cameraMode":{"drawMode":0,"name":"Shaded","section":"Shading Mode"},"sceneLighting":false,"audioPlay":false,"sceneViewState":{"showFog":false,"showMaterialUpdate":false,"showSkybox":false,"showFlares":false,"showImageEffects":false,"showParticleSystems":false},"in2DMode":false,"pivot":{"x":6.6208295822143559,"y":-1.4941351413726807,"z":2.0891923904418947},"rotation":{"x":-0.10989532619714737,"y":-0.5912985801696777,"z":0.08177357167005539,"w":-0.7948599457740784},"size":6.6868977546691898,"orthographic":false}