{"cameraMode":{"drawMode":0,"name":"Shaded","section":"Shading Mode"},"sceneLighting":false,"audioPlay":false,"sceneViewState":{"showFog":true,"showMaterialUpdate":false,"showSkybox":false,"showFlares":true,"showImageEffects":true,"showParticleSystems":true},"in2DMode":false,"pivot":{"x":-109.65050506591797,"y":4.209754943847656,"z":36.937137603759769},"rotation":{"x":-0.03420177847146988,"y":-0.9574189186096191,"z":0.2572503089904785,"w":-0.12705972790718079},"size":0.9030991196632385,"orthographic":false}