{"cameraMode":{"drawMode":0,"name":"Shaded","section":"Shading Mode"},"sceneLighting":false,"audioPlay":false,"sceneViewState":{"showFog":true,"showMaterialUpdate":false,"showSkybox":false,"showFlares":true,"showImageEffects":true,"showParticleSystems":true},"in2DMode":false,"pivot":{"x":7.354693412780762,"y":-0.27957630157470705,"z":-34.77646255493164},"rotation":{"x":0.3020826578140259,"y":-0.011440484784543515,"z":0.0036205544602125885,"w":0.9532127380371094},"size":9.082281112670899,"orthographic":false}