{"cameraMode":{"drawMode":0,"name":"Shaded","section":"Shading Mode"},"sceneLighting":false,"audioPlay":false,"sceneViewState":{"showFog":false,"showMaterialUpdate":false,"showSkybox":false,"showFlares":false,"showImageEffects":false,"showParticleSystems":false},"in2DMode":false,"pivot":{"x":-106.03104400634766,"y":4.165605068206787,"z":32.51184844970703},"rotation":{"x":-0.2528640329837799,"y":0.11231797933578491,"z":-0.02963695302605629,"w":-0.9606178402900696},"size":2.0607361793518068,"orthographic":false}