{"cameraMode":{"drawMode":0,"name":"Shaded","section":"Shading Mode"},"sceneLighting":false,"audioPlay":false,"sceneViewState":{"showFog":true,"showMaterialUpdate":false,"showSkybox":false,"showFlares":true,"showImageEffects":true,"showParticleSystems":true},"in2DMode":false,"pivot":{"x":7.558073997497559,"y":-0.3266575038433075,"z":-84.72335052490235},"rotation":{"x":-0.11425435543060303,"y":0.5802207589149475,"z":-0.0823730006814003,"w":-0.8022921681404114},"size":0.14361414313316346,"orthographic":false}