{"cameraMode":{"drawMode":0,"name":"Shaded","section":"Shading Mode"},"sceneLighting":true,"audioPlay":false,"sceneViewState":{"showFog":false,"showMaterialUpdate":false,"showSkybox":false,"showFlares":false,"showImageEffects":false,"showParticleSystems":false},"in2DMode":false,"pivot":{"x":-9.98495101928711,"y":5.961802005767822,"z":23.04498291015625},"rotation":{"x":0.13866561651229859,"y":0.5863261818885803,"z":-0.10269982367753983,"w":0.7916507720947266},"size":-1.8276681900024415,"orthographic":false}