{"cameraMode":{"drawMode":0,"name":"Shaded","section":"Shading Mode"},"sceneLighting":false,"audioPlay":false,"sceneViewState":{"showFog":false,"showMaterialUpdate":false,"showSkybox":false,"showFlares":false,"showImageEffects":false,"showParticleSystems":false},"in2DMode":false,"pivot":{"x":-86.75764465332031,"y":5.7165350914001469,"z":32.2602653503418},"rotation":{"x":-0.13105393946170808,"y":0.6858264207839966,"z":-0.12756280601024629,"w":-0.7045779228210449},"size":6.780466079711914,"orthographic":false}