{"cameraMode":{"drawMode":0,"name":"Shaded","section":"Shading Mode"},"sceneLighting":false,"audioPlay":false,"sceneViewState":{"showFog":false,"showMaterialUpdate":false,"showSkybox":false,"showFlares":false,"showImageEffects":false,"showParticleSystems":false},"in2DMode":false,"pivot":{"x":2.4347620010375978,"y":15.663333892822266,"z":-43.53402328491211},"rotation":{"x":-0.10989532619714737,"y":-0.5912985801696777,"z":0.08177357167005539,"w":-0.7948599457740784},"size":21.814626693725587,"orthographic":false}