{"cameraMode":{"drawMode":0,"name":"Shaded","section":"Shading Mode"},"sceneLighting":false,"audioPlay":false,"sceneViewState":{"showFog":false,"showMaterialUpdate":false,"showSkybox":false,"showFlares":false,"showImageEffects":false,"showParticleSystems":false},"in2DMode":false,"pivot":{"x":-75.4800033569336,"y":5.908880233764648,"z":33.47675323486328},"rotation":{"x":-0.013661932200193406,"y":-0.9865801334381104,"z":0.11834332346916199,"w":-0.11265288293361664},"size":5.016759872436523,"orthographic":false}