{"cameraMode":{"drawMode":0,"name":"Shaded","section":"Shading Mode"},"sceneLighting":false,"audioPlay":false,"sceneViewState":{"showFog":true,"showMaterialUpdate":false,"showSkybox":false,"showFlares":true,"showImageEffects":true,"showParticleSystems":true},"in2DMode":false,"pivot":{"x":4.70076847076416,"y":8.927204132080079,"z":-2.079226493835449},"rotation":{"x":0.00245451251976192,"y":0.9839624762535095,"z":-0.17784133553504945,"w":0.013580454513430596},"size":15.506553649902344,"orthographic":false}