{"cameraMode":{"drawMode":0,"name":"Shaded","section":"Shading Mode"},"sceneLighting":false,"audioPlay":false,"sceneViewState":{"showFog":false,"showMaterialUpdate":false,"showSkybox":false,"showFlares":false,"showImageEffects":false,"showParticleSystems":false},"in2DMode":false,"pivot":{"x":-52.68795394897461,"y":3.764789342880249,"z":-43.255157470703128},"rotation":{"x":-0.0785854309797287,"y":0.5430899262428284,"z":-0.05116121098399162,"w":-0.8345478773117065},"size":3.5085208415985109,"orthographic":false}