{"cameraMode":{"drawMode":0,"name":"Shaded","section":"Shading Mode"},"sceneLighting":true,"audioPlay":false,"sceneViewState":{"showFog":true,"showMaterialUpdate":false,"showSkybox":true,"showFlares":true,"showImageEffects":true,"showParticleSystems":true},"in2DMode":false,"pivot":{"x":37.4849739074707,"y":-0.3818473815917969,"z":-80.23173522949219},"rotation":{"x":-0.11739300191402435,"y":0.7674568891525269,"z":-0.14596118032932282,"w":-0.6133555769920349},"size":87.35433959960938,"orthographic":false}