{"cameraMode":{"drawMode":0,"name":"Shaded","section":"Shading Mode"},"sceneLighting":false,"audioPlay":false,"sceneViewState":{"showFog":false,"showMaterialUpdate":false,"showSkybox":false,"showFlares":false,"showImageEffects":false,"showParticleSystems":false},"in2DMode":false,"pivot":{"x":2.4255499839782717,"y":3.535933017730713,"z":-43.72593307495117},"rotation":{"x":-0.10989532619714737,"y":-0.5912985801696777,"z":0.08177357167005539,"w":-0.7948599457740784},"size":1.3788784742355347,"orthographic":false}