{"cameraMode":{"drawMode":0,"name":"Shaded","section":"Shading Mode"},"sceneLighting":false,"audioPlay":false,"sceneViewState":{"showFog":false,"showMaterialUpdate":false,"showSkybox":false,"showFlares":false,"showImageEffects":false,"showParticleSystems":false},"in2DMode":false,"pivot":{"x":-0.00021232664585113525,"y":0.40262162685394289,"z":-0.004256144165992737},"rotation":{"x":-0.011876113712787629,"y":-0.9606278538703919,"z":0.041213855147361758,"w":-0.2748861610889435},"size":0.7970702052116394,"orthographic":false}