{"cameraMode":{"drawMode":0,"name":"Shaded","section":"Shading Mode"},"sceneLighting":false,"audioPlay":false,"sceneViewState":{"showFog":false,"showMaterialUpdate":false,"showSkybox":false,"showFlares":false,"showImageEffects":false,"showParticleSystems":false},"in2DMode":false,"pivot":{"x":-86.7262954711914,"y":5.960000038146973,"z":29.27688217163086},"rotation":{"x":-0.14719705283641816,"y":-0.0495406873524189,"z":0.007269993424415588,"w":-0.9879468083381653},"size":3.2376701831817629,"orthographic":false}